{
    "loss": 1.6141912937164307,
    "accuracy": 0.8561151027679443
}