{
    "loss": 47.15426254272461,
    "accuracy": 0.5035971403121948
}