{
    "loss": 102.73223876953125,
    "accuracy": 0.5467625856399536
}